source,title,link,published,published_utc
FXStreet Forex & Commodities News,Dow Jones Industrial Average eases as investors brace for CPI,https://www.fxstreet.com/news/dow-jones-industrial-average-eases-as-investors-brace-for-cpi-202508111903,"Mon, 11 Aug 2025 19:03:26 Z",2025-08-11T19:03:26+00:00
FXStreet Forex & Commodities News,Forex Today: US CPI data and the RBA meeting will be the salient events,https://www.fxstreet.com/news/forex-today-us-cpi-data-and-the-rba-meeting-will-be-the-salient-events-202508111858,"Mon, 11 Aug 2025 18:58:54 Z",2025-08-11T18:58:54+00:00
FXStreet Forex & Commodities News,Australian Dollar consolidates ahead of RBA rate call; traders eye US inflation data,https://www.fxstreet.com/news/australian-dollar-consolidates-ahead-of-rba-rate-call-traders-eye-us-inflation-data-202508111858,"Mon, 11 Aug 2025 18:58:29 Z",2025-08-11T18:58:29+00:00
FXStreet Forex & Commodities News,Donald Trump extends tariff deadline for China by another 90 days,https://www.fxstreet.com/news/donald-trump-extends-tariff-deadline-for-china-by-another-90-days-202508111840,"Mon, 11 Aug 2025 18:40:41 Z",2025-08-11T18:40:41+00:00
FXStreet Forex & Commodities News,"Gold price slumps as traders eye US CPI, Trump–Putin summit",https://www.fxstreet.com/news/gold-price-slumps-as-traders-eye-us-cpi-trump-putin-summit-202508111818,"Mon, 11 Aug 2025 18:18:52 Z",2025-08-11T18:18:52+00:00
FXStreet Forex & Commodities News,Nvidia pushes all-time high as Wells Fargo hikes price target to $220,https://www.fxstreet.com/news/nvidia-pushes-all-time-high-as-wells-fargo-hikes-price-target-to-220-202508111800,"Mon, 11 Aug 2025 18:00:03 Z",2025-08-11T18:00:03+00:00
FXStreet Forex & Commodities News,Pound Sterling Price News and Forecast: GBP/USD retreats from two-week high,https://www.fxstreet.com/news/pound-sterling-price-news-and-forecast-gbp-usd-retreats-from-two-week-high-202508111758,"Mon, 11 Aug 2025 17:58:32 Z",2025-08-11T17:58:32+00:00
FXStreet Forex & Commodities News,EUR/JPY steady as markets eye Trump-Putin talks on Ukraine,https://www.fxstreet.com/news/eur-jpy-steady-as-markets-eye-trump-putin-talks-on-ukraine-202508111650,"Mon, 11 Aug 2025 16:50:24 Z",2025-08-11T16:50:24+00:00
FXStreet Forex & Commodities News,Canadian Dollar backslides as Greenback bounces ahead of critical CPI inflation,https://www.fxstreet.com/news/canadian-dollar-backslides-as-greenback-bounces-ahead-of-critical-cpi-inflation-202508111650,"Mon, 11 Aug 2025 16:50:15 Z",2025-08-11T16:50:15+00:00
FXStreet Forex & Commodities News,Trump still angling to broker Russian ceasefire and cuts deals with chipmakers,https://www.fxstreet.com/news/trump-still-angling-to-broker-russian-ceasefire-and-cuts-deals-with-chipmakers-202508111621,"Mon, 11 Aug 2025 16:21:57 Z",2025-08-11T16:21:57+00:00
FXStreet Forex & Commodities News,Gold slips as risk appetite grows amid Russia-Ukraine peace talks,https://www.fxstreet.com/news/gold-falls-on-optimism-over-russia-ukraine-peace-talks-202508111212,"Mon, 11 Aug 2025 15:11:09 Z",2025-08-11T15:11:09+00:00
FXStreet Forex & Commodities News,GBP/USD retreats from two-week high as US Dollar firms ahead of inflation data,https://www.fxstreet.com/news/gbp-usd-retreats-from-two-week-high-as-us-dollar-firms-ahead-of-inflation-data-202508111501,"Mon, 11 Aug 2025 15:01:25 Z",2025-08-11T15:01:25+00:00
FXStreet Forex & Commodities News,"EUR/GBP steady around 0.8650 as traders eye key EU, UK data and Trump-Putin talks",https://www.fxstreet.com/news/eur-gbp-steady-around-08650-as-traders-eye-key-eu-uk-data-and-trump-putin-talks-202508111454,"Mon, 11 Aug 2025 14:54:39 Z",2025-08-11T14:54:39+00:00
FXStreet Forex & Commodities News,JPY loses net long positions – Rabobank,https://www.fxstreet.com/news/jpy-loses-net-long-positions-rabobank-202508111438,"Mon, 11 Aug 2025 14:38:22 Z",2025-08-11T14:38:22+00:00
FXStreet Forex & Commodities News,"WTI Crude Oil steadies after seven-day slide, markets eye US-Russia peace talks",https://www.fxstreet.com/news/wti-crude-oil-steadies-after-seven-day-slide-markets-eye-us-russia-peace-talks-202508111341,"Mon, 11 Aug 2025 13:41:11 Z",2025-08-11T13:41:11+00:00
FXStreet Forex & Commodities News,Are new record highs in play?,https://www.fxstreet.com/news/are-new-record-highs-in-play-202508111338,"Mon, 11 Aug 2025 13:38:43 Z",2025-08-11T13:38:43+00:00
FXStreet Forex & Commodities News,Inflation and your IRA: How to protect your retirement savings from price growth,https://www.fxstreet.com/finance/inflation-and-your-ira-how-to-protect-your-retirement-savings-from-price-growth-202508111316,"Mon, 11 Aug 2025 13:16:27 Z",2025-08-11T13:16:27+00:00
FXStreet Forex & Commodities News,Dole (DOLE) surpasses Q2 earnings and revenue estimates,https://www.fxstreet.com/news/dole-dole-surpasses-q2-earnings-and-revenue-estimates-202508111312,"Mon, 11 Aug 2025 13:12:05 Z",2025-08-11T13:12:05+00:00
FXStreet Forex & Commodities News,Mexico Industrial Output (YoY) climbed from previous -0.8% to -0.4% in June,https://www.fxstreet.com/news/mexico-industrial-output-yoy-climbed-from-previous-08-to-04-in-june-202508111200,"Mon, 11 Aug 2025 12:00:39 Z",2025-08-11T12:00:39+00:00
FXStreet Forex & Commodities News,JPY steady in quiet trade – Scotiabank,https://www.fxstreet.com/news/jpy-steady-in-quiet-trade-scotiabank-202508111143,"Mon, 11 Aug 2025 11:43:47 Z",2025-08-11T11:43:47+00:00
FXStreet Forex & Commodities News,USD/CHF rallies beyond 0.8100 with all eyes on trade talks and US CP,https://www.fxstreet.com/news/usd-chf-rallies-beyond-08100-with-all-eyes-on-trade-talks-and-us-cp-202508111142,"Mon, 11 Aug 2025 11:42:03 Z",2025-08-11T11:42:03+00:00
FXStreet Forex & Commodities News,GBP consolidating recent gains – Scotiabank,https://www.fxstreet.com/news/gbp-consolidating-recent-gains-scotiabank-202508111141,"Mon, 11 Aug 2025 11:41:32 Z",2025-08-11T11:41:32+00:00
FXStreet Forex & Commodities News,Pound Sterling Price News and Forecast: GBP/USD could extend uptrend once it clears 1.3490-1.3500,https://www.fxstreet.com/news/gbp-usd-weekly-outlook-pound-sterling-buyers-return-in-tandem-with-boes-hawkishness-202508111141,"Mon, 11 Aug 2025 11:41:16 Z",2025-08-11T11:41:16+00:00
FXStreet Forex & Commodities News,Pound Sterling gains as traders trim BoE's interest rate cut bets,https://www.fxstreet.com/news/pound-sterling-extends-winning-streak-against-us-dollar-ahead-of-key-uk-us-data-202508110757,"Mon, 11 Aug 2025 11:40:25 Z",2025-08-11T11:40:25+00:00
FXStreet Forex & Commodities News,USD/CNH is still trading in a range – UOB Group,https://www.fxstreet.com/news/usd-cnh-is-still-trading-in-a-range-uob-group-202508111138,"Mon, 11 Aug 2025 11:38:43 Z",2025-08-11T11:38:43+00:00
FXStreet Forex & Commodities News,EUR quiet ahead of Tuesday’s ZEW – Scotiabank,https://www.fxstreet.com/news/eur-quiet-ahead-of-tuesdays-zew-scotiabank-202508111132,"Mon, 11 Aug 2025 11:32:46 Z",2025-08-11T11:32:46+00:00
FXStreet Forex & Commodities News,USD/JPY: Any advance is likely to be part of a higher range of 147.20/148.25 – UOB Group,https://www.fxstreet.com/news/usd-jpy-any-advance-is-likely-to-be-part-of-a-higher-range-of-14720-14825-uob-group-202508111129,"Mon, 11 Aug 2025 11:29:24 Z",2025-08-11T11:29:24+00:00
FXStreet Forex & Commodities News,What happens if you overfund your IRA?,https://www.fxstreet.com/finance/what-happens-if-you-overfund-your-ira-202508111128,"Mon, 11 Aug 2025 11:28:51 Z",2025-08-11T11:28:51+00:00
FXStreet Forex & Commodities News,CAD drifts in range after disappointing jobs data – Scotiabank,https://www.fxstreet.com/news/cad-drifts-in-range-after-disappointing-jobs-data-scotiabank-202508111126,"Mon, 11 Aug 2025 11:26:26 Z",2025-08-11T11:26:26+00:00
FXStreet Forex & Commodities News,NZD/USD: Likely to trade in a range of 0.5935/0.5965 – UOB Group,https://www.fxstreet.com/news/nzd-usd-likely-to-trade-in-a-range-of-05935-05965-uob-group-202508111123,"Mon, 11 Aug 2025 11:23:40 Z",2025-08-11T11:23:40+00:00
"""forex OR FX OR currency market EUR USD"" - Google News",Euro FX EUR/USD Futures Overview - CME Group,https://news.google.com/rss/articles/CBMiYkFVX3lxTE1Ia3l5aDN1d2dNSk53N05JM3lJcGVUYlEzMGIzSXBNaEFDSm9VUlh5dXcwWnpQdy1EbmZOVnBvZnBIdlRkRHNwR1RQRlJiSjBWQjUtZi1Ka1NHZmplb0tkQmdR?oc=5,"Fri, 08 Aug 2025 19:59:45 GMT",2025-08-08T19:59:45+00:00
"""forex OR FX OR currency market EUR USD"" - Google News",EUR/USD Broke Down Last Year When the Fed Cut – Could a Repeat Scenario Happen? - FOREX.com,https://news.google.com/rss/articles/CBMiwAFBVV95cUxPSmdEbFpZRHVPSUduU0FYaERhSXY4MnN2VmhqNFN1blJTRUxoek1YS0xVazRYR0RxTkJUdi1URDRzZWNNaE5RWWN3QXFySE9tb0VLb3B2aS1NVGhxWE8zd09KX2daNVd1WXZZdkgxREZGdmYwSnJ0OGlyckFNM0pXVC1uYzBEVG9uemp5OUIzOXBzUm44UldSdUVxVklVUnBZbm52Tk5kdUk4dzlQaGszbHp4OWRLYnY2cHpvUWwxeWc?oc=5,"Mon, 11 Aug 2025 16:35:19 GMT",2025-08-11T16:35:19+00:00
"""forex OR FX OR currency market EUR USD"" - Google News",EUR/USD Analysis 11/08: Trading in Narrow Ranges (Chart) - DailyForex,https://news.google.com/rss/articles/CBMingFBVV95cUxNRFNOUFlVVU93cVVmV0MtV3kxVkFDS0NKOTZmRDlpeHROZUZPZmxHQjlEWnU3LXlHdE9SQzN3b000SG16MTQxeUYxelRQMkI0UmpQNzcxOXljZ19Udm5PR2lXT1hyWm1pblJaZjhDZmFldGloN0lnQjJFTGVLaE1SNi1PX1d0UXZlam9IeDFieFFGaEZ1dHZ3N2o2NTlqdw?oc=5,"Mon, 11 Aug 2025 12:22:02 GMT",2025-08-11T12:22:02+00:00
"""forex OR FX OR currency market EUR USD"" - Google News",EUR/USD Mid-Day Outlook - Action Forex,https://news.google.com/rss/articles/CBMingFBVV95cUxOdWNpN1p0RDNUVXhvUTdHNkJ6MXlDMy05cjRMa2NJS05INjRIME5yT3ZLUFI3WHA2eHg3bkUyS0hMa21QTFowU05RNUZFLTVicHY2X1EwTC1hUEktb19RZzBNNzBiRnE2cXM3UjlBQU12OGwzeG1JVXdZTXE0UnUxQXpXV1poZExTRU9JYlZqTTV6cWxUeWs5cWUwYmxrZ9IBowFBVV95cUxObWJWM2psSFpPRnl3OFk1WXpuWUlLUlVEb3JyTmRCaEhocnQwQUVjZXU3N3QzSXZtc1pJNHhHSTVPX2MzUkxqaEp1TnI3SThUaVkxenRoTTlrejRVUy1jYXRYV1dWdmFDYnRQdENhNG9Sc1JLbF9VR1Y3SmxGRDk5bnEtTU9ISnE2QW1ZSFhlUzhkTEN3ZHNuODdROXd6SVUwdEZv?oc=5,"Mon, 11 Aug 2025 13:28:14 GMT",2025-08-11T13:28:14+00:00
"""forex OR FX OR currency market EUR USD"" - Google News",Currency volatility: Will the US dollar regain its strength? - J.P. Morgan,https://news.google.com/rss/articles/CBMinAFBVV95cUxOYmdpajY1ZGcyREx0QnY2a3J3ZFRsWnVsdEM2R3hXUWdaQ0xpcXlXZXhlU1RaWGtSTGtKeUNqR2lwVG9kRkJMT01MVmRoY2hpMm12OWVRbGQ5QUJhQUxZRkc0QnpQcDdzM2NIZXlwUHVjeTVENE1fVjNYTHpSQWlTUW93NE16TUZYcXpTWTJ5Szd5b2Y3UW1ybTNGWVc?oc=5,"Mon, 28 Jul 2025 07:00:00 GMT",2025-07-28T07:00:00+00:00
"""forex OR FX OR currency market EUR USD"" - Google News","EUR/USD, USD/JPY and AUD/USD Forecast – US Dollar Recovers Early on Monday - FXEmpire",https://news.google.com/rss/articles/CBMivwFBVV95cUxPbHEzSno4ek1Ed1ZZOVFPbXMwdnd0ZDhHM2VGUmdtbVAtSFpLNjRIaGVWZXphMjNXak9URzZhZ3JSd3lEZlF1X18yZ2h6azhfRDRONlhzb3ctMDY3VnN2ek00SjJjdTM4Ri00dUtTb3pnemIwN1JPRV9zekRndW5oWVlKSFFQb0psXzk1VnFwOEFJeHpoOTJKZENRV1pkZS1yTFFneVRIRG0yRVN0VU5PZ1JEZkI4M1VidW16eWZKcw?oc=5,"Mon, 11 Aug 2025 13:24:00 GMT",2025-08-11T13:24:00+00:00
"""forex OR FX OR currency market EUR USD"" - Google News",Most traded currency pairs: Why and what distinguishes them? - equiti.com,https://news.google.com/rss/articles/CBMirgFBVV95cUxPMXpmVFBCWGxJdFhYY05xWTd6TE1wQktkanZzSDc3N3ppMGFIa2NnWDItbHV4R3FrbDhxa0VwME5yT2xDNzR1Y2Q3SFJIbDVKblFpV1dnY2lQaFZycm5VVkRtQ0xuc0lGTzZoeDQ5VjZHa3FCdjY1NW9lSjdOMXBVQkl5Q0N6UmtkV2pZZ1Z0M191TUdsUmxNclh4TlJjdzdkaVpmVkJkN2pyeUpVQlE?oc=5,"Sun, 10 Aug 2025 08:09:15 GMT",2025-08-10T08:09:15+00:00
"""forex OR FX OR currency market EUR USD"" - Google News",How to Trade Forex on News Releases - Investopedia,https://news.google.com/rss/articles/CBMickFVX3lxTE9OVEdvYktKZGRBRG1JRUZDeS1nM1JRSVM5Nm5yaEdURHlUWGpGNnZNTlpkZDJsVm8tZndSVDMtSlRtSE1VMFFDNnh3eGpiNkYwY2JPWDQ0MlVyRmczOTlEdVRQX3YtNC1zcko2d0o3NnB2dw?oc=5,"Sat, 19 Jul 2025 07:00:00 GMT",2025-07-19T07:00:00+00:00
"""forex OR FX OR currency market EUR USD"" - Google News",Weekly Forex Forecast - August 10th - August 15th (Charts) - DailyForex,https://news.google.com/rss/articles/CBMisAFBVV95cUxPZXI5MFRkUmtVM01wR2h1T0cwQk1YNzFlRDFZTlIzWHdUOWxSel9oQWZMcUxPNWpqVVFvcFFfTHZXYVZmOWZLUHV0RDctYzd3SE05VDZqUmV1VFVqdU90Y01vUEpwaS1IMzJ5cGk5MVpDNWNyaWJWck5ubThaOTNtS3hGel9sNndWVGdNQmZCbE1Oc01pU3JEQUpiMUxLMGl1RFptd2hkdHREN3psNkFZdg?oc=5,"Sun, 10 Aug 2025 07:01:33 GMT",2025-08-10T07:01:33+00:00
"""forex OR FX OR currency market EUR USD"" - Google News",Australian Dollar AUD/USD Overview - CME Group,https://news.google.com/rss/articles/CBMib0FVX3lxTE9hTnNid1c5MUZnbFNCMHBOa3pxSUlaR3JldUVWcTBoVlVGWHRsb0ZxUGQ5TUVhVU1kODZCZlhidWZralJtSTc2bVFaQzZRb1duYVZHdk14YVdZZWJ6OGJuek9sdFZ3OHlZYmM1VjNrQQ?oc=5,"Fri, 08 Aug 2025 19:59:45 GMT",2025-08-08T19:59:45+00:00
"""forex OR FX OR currency market EUR USD"" - Google News",EUR/USD Aims Breakout But Can The Bulls Deliver? - Action Forex,https://news.google.com/rss/articles/CBMitgFBVV95cUxQZFdaalNxOVJUSU05UlU1Z1h6aldudy1tNHcyY2RDYVczV0RmbGhSWHIyRjhTMVE0Q1V3SGxtc25tMlloUmFxV2pVVnlyZ2pyWHd4X2pONzN3RGpFNFlfd2FYZEZCZjdTLTdyYWJFY1NOdTJtUW9IMWZ3dC03RldZLVQyS0cwRERXck1XM0NjbUVyZlRZWmFHeVAxUUdocEJtQnNkbW1ET2RnU2l5dlUyODllcDJUQdIBuwFBVV95cUxPUGtIVU9rVVY0YWN2UGk2SU5LTWFZUTZETzRIbVl5UGU5eTJCcGgxLW5lMHNSN2VVX1dmWjNGU3BpVzFkOHo5MzdUS1ZWdmRRamEwVkJOUk5HblZDcWk4SG13VFlpVUVRX29DN0J1MTlWSHpOdkV2WjNJUkZYVW1tNEFOYUNRN1Z2NHBQM0dONnkxUHZUMnVybHVFY3VQT2I1d1pmWnNYbUZQUy1jMUcxajNnbHRfMWRhNmM4?oc=5,"Mon, 11 Aug 2025 04:10:23 GMT",2025-08-11T04:10:23+00:00
"""forex OR FX OR currency market EUR USD"" - Google News",EUR/USD Outlook: Euro Continues Push Toward Yearly Highs - FOREX.com,https://news.google.com/rss/articles/CBMinwFBVV95cUxQSktvdG40SUx2RnB2TzQ3VjVpRThsdVhTdlNudnNMa29OQ0s3YjR0U2hmcTRsd3pJOUJzT2FLNWtBY2Q0VHBQN1N4UVRwZjctU0wyWlZNMGJ6eXBjRk1Ub21uQWhnLTIteVBTLVg5M2VMMlN2dm9yRkE5U1NoUFdTM2hFM3hTY3YtV2JlRjRVckIwdzVUSTdtcHoxRHVTbms?oc=5,"Fri, 08 Aug 2025 22:43:23 GMT",2025-08-08T22:43:23+00:00
"""forex OR FX OR currency market EUR USD"" - Google News",EUR/USD Forex Signal Today 11/08: Brief Pullback (Chart) - DailyForex,https://news.google.com/rss/articles/CBMiowFBVV95cUxPNVhGenN6T3g3SGZXdmdkalhsRHZlQnpDdUp1R0VKZTBNd2pIR3dPZjJveHhyanoxbDhnMklkMWcwQ0pFRlRzNi1BVDJKQU5SaFZhc29vSjlvOWdOUGM5c2xWdXg2blNUYkQ0ek1pQ3BoWHRySlR4S05NT09HYmkwLXRBOEdYUVBXWjd3UzJUMHp6Qi1LNGdwOHFCTVdBM1RaZmN3?oc=5,"Mon, 11 Aug 2025 06:51:57 GMT",2025-08-11T06:51:57+00:00
"""forex OR FX OR currency market EUR USD"" - Google News","GBP/USD and GBP/JPY Vulnerable to dovish BOE cut, USD Breaks Lower - FOREX.com",https://news.google.com/rss/articles/CBMisgFBVV95cUxPM3J0SXZ1WnVSdF9NSVFSMjZWaHc5SVZMMFcxRThyRUFhOHcybnMyM09Ub3ZiOGw3THh3V0d0c09weF9KaWx6bk5MVmlCNVQ3clh5Y181Y0NZT3ZWQ1ZzZC1xVktzdWMwZ002VmRIZUtNemJEWWNkY2dRUTV4M3pxWjlJdFBRX3oweW1HdVhRaGVmNi1pZ2h4UWZmQ0VTYU9EdWEwbjlkblZuYlljTUUtNUlB?oc=5,"Wed, 06 Aug 2025 23:26:34 GMT",2025-08-06T23:26:34+00:00
"""forex OR FX OR currency market EUR USD"" - Google News",EUR/USD Forex Signal Today 07/08: Tests Resistance (Video) - DailyForex,https://news.google.com/rss/articles/CBMiogFBVV95cUxQeC15R29MWXpsOWNQZklORUFWQUwtMTk2X3VLMmZRc1JvMjgzNmhRT2hoempWcklYalNkT3ZQTVJyenVTdmlzdGM0bmljWi1iVTB1OE9MLWUyVWh1aDVOWFctMXhfbnlsakZ3OGg4MTZ6dlM4Z3l4MHp0anFlWFhVeGxCd085TkNKMXVtZXdtVnpoNjR5dXkwNGdxTm9wYnR5dnc?oc=5,"Thu, 07 Aug 2025 09:11:15 GMT",2025-08-07T09:11:15+00:00
"""forex OR FX OR currency market EUR USD"" - Google News",US Dollar Forecast: EUR/USD Climbs to Fresh Weekly High - FOREX.com,https://news.google.com/rss/articles/CBMiowFBVV95cUxPUXZKUXJxdXJEZVpzOWYxLXhOdENYdWVUTFc3RFlYU0lZMkFKbTlFeVFzeGFmRFpGYkdFakswQTQ2UGNqcEw1TVl6RG5WX2JuWWtOZE5oQ1hWQl9vT0luNlFrVF9WaURtNXZyU2wxLWw1SElEekdzaDd1Z3ZyQTVQdlpUQUN3UlV5YmlRR09hcGZZRU1uMVROZEowSERybWZ5XzFj?oc=5,"Thu, 07 Aug 2025 17:05:08 GMT",2025-08-07T17:05:08+00:00
"""forex OR FX OR currency market EUR USD"" - Google News",EUR/USD Analysis 07/08: Price Return to 1.20 (Chart) - DailyForex,https://news.google.com/rss/articles/CBMinAFBVV95cUxNQzJyLWRBdlhVa3NRLVRMekl0bEhrOTVSaWNHRkJFQnpDMVJkcmlzb1VGVWRmNUJwR1hSOHhxT3I2a0lQMmpKM1A4SFlCTTQyd1hmdkoycERVV1E4R3V0bllsM2ZVbVZYQ0JhS0JYTnRKald5ZWFLTTdqbVFWMGp5N0xPVzFnRmpFTktjSEhKSkk2dWw4LW9yREVaVFM?oc=5,"Thu, 07 Aug 2025 12:24:43 GMT",2025-08-07T12:24:43+00:00
"""forex OR FX OR currency market EUR USD"" - Google News",EURUSD Tests 1.17 as DXY Dips to 98 — Breakout or Range? - FOREX.com,https://news.google.com/rss/articles/CBMingFBVV95cUxNSDdlaEJPSTJ4Q1ZVS3NvSHE4YWFxeDRuc2VHRjVSZWJ1amNOVnRFQXhDcm9KcTgwdEp2dHY2SGp5ODJneE1lWW5tSTU4SC1sS2JSeTIwbXZMUl94M2xuT1YzYm8waW12dThFNFU1N3kwcGdzSWZ4Sl91dGZOelVQZE1leEN0SGtlbWF4dWJtVkR1S3lKbXlFQkFTRWZtQQ?oc=5,"Thu, 07 Aug 2025 12:00:35 GMT",2025-08-07T12:00:35+00:00
"""forex OR FX OR currency market EUR USD"" - Google News","USD/CHF, EUR/USD: Weak U.S. data and Fed signals spark FX reversal - FOREX.com",https://news.google.com/rss/articles/CBMirwFBVV95cUxNUFlMLWtCMkR1dnR2Ty1WZDlNaXhxa2owc1M2RXg5VDUtWDlUWlUxY0ZNdjRGM0p4bE90V1NPb2p6c2NvaHl3TUpOMjlJUDdLTmk0S2h0LW9nNVpPZDNyTVRLVUNrWkFrR29uVU5tdF9rWFZIdHNwRlgxb1NSTHhodTQ4UXY0UG5aVk5sUl9vcVFrR29senprRTlYeF9VcWFtc3VZcm5uUDFzSlNOd3VJ?oc=5,"Thu, 07 Aug 2025 02:51:36 GMT",2025-08-07T02:51:36+00:00
"""forex OR FX OR currency market EUR USD"" - Google News",Forex market daily volume 2001-2022 - Statista,https://news.google.com/rss/articles/CBMinwFBVV95cUxPaTJlZ3RUVTFYUnl2NVdZWnJQVVRBamFYSGYzVWpvWGhhYzlNRjdMX3BsdVVTWnppMmVIQ2ljS0pDall6cHo5ek9PWXdHbW9xZGZaWU9WemlMYTBKWUg0LWdTMVc1YXNJSy12N2VDMEc3a1pETVhPOVFQNlF6QXItcXM1TVBLbWc2ZjMwbl9VUXN3bGVSSW54NnhIaHlRbW8?oc=5,"Mon, 04 Aug 2025 07:00:00 GMT",2025-08-04T07:00:00+00:00
"""forex OR FX OR currency market EUR USD"" - Google News","Weekly Forex Analysis: EUR/USD , GBP/USD , AUD/USD and more - FXStreet",https://news.google.com/rss/articles/CBMiqwFBVV95cUxPSUFYZjY1YVgtUm4xQXY5RGtvaXFKUWlSSVQtanQ5MVFRMWpkeE91TEZUbk0zSi1nVk5RSVRDUWNoN2xyUTgxVHFZdGVVb0ZZR2lYNUxTR3JSZXFjYWYwMVd4bmdyR24xM0VYVHZGaHhSLW5taFV2T2ZnSFVaeXBIUFo3YnZGbzZKUkJUeGhpMDBUOTlyUjRXRE1ERnNya2NFUGFTTGFMZ1JJTUnSAbABQVVfeXFMT0xqYnNXNmFOZGVWQWhQT0VXaEFRYmJ0UG5EWWdjTFMtNXpOTHJRVWJFS1B4Z2VEcS1SdkJub3oxTWI2NXdqNWtJNUxIXzdqN3NLUk1tWkk5eE9JckdYNm5WcnRRQjhsdVUyWFE2d2EtV2I4cnloS0xBZG1HdWNFZ01jcGRoUVQ0bDY5UDFtZHJ0MXlJSWNNT0RqU0xvNUF6MURKdFlTLWphQVM2bmhsNGM?oc=5,"Fri, 08 Aug 2025 19:10:00 GMT",2025-08-08T19:10:00+00:00
"""forex OR FX OR currency market EUR USD"" - Google News",Euro to Dollar Rate Outlook: Trump’s Fed Moves Lift EUR/USD to 10-Day High - currencynews.co.uk,https://news.google.com/rss/articles/CBMiygFBVV95cUxPMzNmeXZHUG5pUWlpQkNkMHlpZTZOTVZRdmQxOFdLZy12T1I4NmsxTHNoaXJwNV92MU1SSV9rUEFMSnNDWTlJOWtoM3l3VDhRckVmS1Mzc3pfcGpxdlVVMEUyVGwxSDlSWkpnVDNfUldZYWpJSHVmVWNGOVdSbml4bjFSNnBBV3pZZ1ktN3VLWU83ZFl6V0FGdDJIdTJHQkVOUFR2RmtOOU5hcmMwZ2ZscU54SWxxUEMyWFd5cWtaWU1mX2JFbjd5UFBB?oc=5,"Mon, 11 Aug 2025 07:00:00 GMT",2025-08-11T07:00:00+00:00
"""forex OR FX OR currency market EUR USD"" - Google News",EUR/USD Outlook: The Euro Remains Neutral Following ECB Decision - FOREX.com,https://news.google.com/rss/articles/CBMirgFBVV95cUxOaThfVmVZTGM1QnROZEtjZkQ2b202YnNuTS1td2RKaFhvS1V0aHZReEItREVjcXpORnNmejBwZ0R3bmFqbG91ZGRkejZiUGV3QzROeXFvSXpmWUlISmZJWk1kT0ZLcnFTUlNITDd5RmdWT0VpZXVaMnlGbnlXMFBBWUh0VElLZ2JtWk9DQjAzalRENHRWZGpyTFk3anc4YVYwSWxFaUNRcVdDc2xkYUE?oc=5,"Thu, 24 Jul 2025 07:00:00 GMT",2025-07-24T07:00:00+00:00
"""forex OR FX OR currency market EUR USD"" - Google News",Excell with Options: Hedging Currency Risk with EUR/USD futures - CME Group,https://news.google.com/rss/articles/CBMi1wFBVV95cUxOY1NDMWQ4MlBXYzJnWVZmelIyV21aUXM4ZXVnVDVHenV3OWE4TjlFY2VHdUF2SFB2Wks3Y1lmZUdxS0QxZXpITDB4RUpOQ0lQbjNscm5wOU1xb3lWZm01RFFaNUNlTV9Ienl3UHVHOC1XTnZPZHpTdkRUa1ZVWUtfcVcyNElnMlk2M3hFUXlxcXNBYkRGa0R3Q0pSY0t3blpjck96ZlVuaG44NUthb2ZLTzRzRThHb3ZkWTNtemo5dmFUTDM2MnlrazZ1WktFMktyTTdXQzlqOA?oc=5,"Tue, 22 Jul 2025 07:00:00 GMT",2025-07-22T07:00:00+00:00
"""forex OR FX OR currency market EUR USD"" - Google News",EUR/USD Analysis: Euro Maintains Bullish Bias After NFP Report - FOREX.com,https://news.google.com/rss/articles/CBMiqwFBVV95cUxNTjdmNXhXNzVkRnU5Y0ZHLWx1Y0tFYzV1SS1nbG1wZjRlX1NXQ3dsRHlxWVdwQ0lsTzVNajZ5c05VWlBfbnZQZFlzX0JzYm5zd25Fd21UVkZzWnRyYm53X1F6ZTZOSXJlemZkQ2lyZWVWaHVocHg5ZFRBSzM0Q3FiUVZfNHdFazJiX2J3U3BtQ0JMNVlQbkxyY3lHQUJGeFRUR294RUtzU2EyaHM?oc=5,"Fri, 01 Aug 2025 19:11:45 GMT",2025-08-01T19:11:45+00:00
"""forex OR FX OR currency market EUR USD"" - Google News",What is Forex? - FXCM Markets,https://news.google.com/rss/articles/CBMiS0FVX3lxTE5uT0NjZEFJMnhnVlVlbUZpNkNtcE1DUmtGY2o0QlNkTUJfbGJLQUtJOEhVblN3WmNBbm1aNWRqNlBGQkltQWtBTFczRQ?oc=5,"Fri, 01 Aug 2025 07:00:00 GMT",2025-08-01T07:00:00+00:00
"""forex OR FX OR currency market EUR USD"" - Google News","FX Daily: Two Kevins, one spot - ING THINK economic and financial analysis | ING Think",https://news.google.com/rss/articles/CBMibEFVX3lxTE41MFVEOWwwclg3XzN6VjBrNWkydVhXN2pSZzlnblBRZ3A1akVWVWkzZEJJa1pTWURqdkpueHlpXzhoSV9zbThrQkZ6clhScm5OVG1adFN4RFRxQ3Y4TWxxd2FhUXRsRWhmX0pZSQ?oc=5,"Wed, 06 Aug 2025 09:22:30 GMT",2025-08-06T09:22:30+00:00
"""forex OR FX OR currency market EUR USD"" - Google News",EUR/USD Forecast 08/08: Continues to Struggle (Video) - DailyForex,https://news.google.com/rss/articles/CBMinAFBVV95cUxOM0oxTG9ybE5lTmpBXzJJeHQ5WVlsTTduWmxZNHF0TTJ4a1ZnUzZ5US03N3dhZmp0TWFzbHVMNlQ0N1l3VGF2VGZReTJ6RWE0VXRnRDlOSzBKRnBZYm9tSC0zc0puWEdUUGFBUlBKbEdqTlV6SHNoWXBPUGVXLWtWNXhoWWJMYmhXN0NUZ191Y0lMcmVtblJmaE5MU2o?oc=5,"Thu, 07 Aug 2025 21:41:01 GMT",2025-08-07T21:41:01+00:00
"""forex OR FX OR currency market EUR USD"" - Google News",EUR/USD Analysis 05/08: Preparing to Recover Loss (Chart) - DailyForex,https://news.google.com/rss/articles/CBMinAFBVV95cUxQeTBjNUZ4cnlxWV9yMzRMbjhGWUN3dGRsMGExZC1QWkcyT0FKNzdWVnlmeVNhMXVBVjJFZFRBMEV5bGlwVmZwMmM1Yy1fYkZrR3V2bE5SZzRSb0tiY005M01UMEFNWVV1MjlLQ2FsSEU1aWlvS3Boa3lDR25pZXpLamdGbURfakx0V3VHVHZwTWk3Z1E5WXdJXy0zLXM?oc=5,"Tue, 05 Aug 2025 20:58:37 GMT",2025-08-05T20:58:37+00:00
"""forex OR FX OR currency market EUR USD"" - Google News",EUR/USD Analysis 06/08: Stability Remains Bearish (Chart) - DailyForex,https://news.google.com/rss/articles/CBMinAFBVV95cUxOalpOLUdNVHdQOGFyanE2bTNvWG9EVWlwOFBDNXBTMkVock9PRDJ2czRZUUtmWHVqRWhZLWwycEhxbXhCUXhpa2tPWUV3X21KX1ZUZWQ4UGJacnRDQ0F2NFd6c0VJNzNaNHNPSHluUzBWcEViYm5KcDBlYXQ5QjRFcnRYU28zWHBra0t0eGZZUjcxaUpqS3dwLV94OXI?oc=5,"Wed, 06 Aug 2025 12:40:32 GMT",2025-08-06T12:40:32+00:00
"""forex OR FX OR currency market EUR USD"" - Google News","Euro Technical Forecast: EUR/USD Falls, Threatens Reversal into the Fed - FOREX.com",https://news.google.com/rss/articles/CBMitwFBVV95cUxQYmpOd3pVb2dzMDRma0V6QkwxZHlmSmZodlc0N0ZZMkpYanM5MWkyR0RkdndKSW9lb3ZaS09yRU05SVhGRW4waFd2WTZtSkFiODhMZ1g1ZmlCUDNuWWhycDUzWTdCNEFfMEFIS1hJaFZpVFpQMXBfS3dkeFdIWFFGYWFvTlBRbjJJU09qWVVzRDE1aDV3NTJuYjVwNnBvenZtbFVDdVBfc2FOdEtrUkhDVEZhb3E2Smc?oc=5,"Mon, 28 Jul 2025 15:58:50 GMT",2025-07-28T15:58:50+00:00
"""forex OR FX OR currency market EUR USD"" - Google News",EUR/USD Weekly Outlook - Action Forex,https://news.google.com/rss/articles/CBMimwFBVV95cUxPWWxHX1dyV05vUW4zbVJScHJWdFhhM2ZJbVg3LTNseVBrT0ttbnM5NWhHWF91YVNkSXRwaUVGRk1XcWcza1lkRlFUT2lhRlNocHNyOFNBaTVaalFUalNwNEl1c1p1UmJ0MlFvektHSEFEVllMaEt2dmRWeUh1eGZXSUNGcnFoWmRDU3NDMHNOWFdsc3NqOG9nM0lyUdIBoAFBVV95cUxQT1NWS0tfWFo3YTZIN3pyb3M3dktNRndNcFlWdmJlbktUS1U2WWcwT2NGbW9kVlZhbWJWdFZCSEpQTzBVYWpXa3pVc3pCT2hPZFVYWTZhcUhyVUlWOWVTQ2M2dlZtZlpqN3dxWFZDQW8tVGJvbVZBUEgzMnM2U3VxWU5TWUdYQ3VpMXNlMnpobWRoMmd6RjFmajdxR1BVRDdE?oc=5,"Sat, 09 Aug 2025 06:35:58 GMT",2025-08-09T06:35:58+00:00
"""forex OR FX OR currency market EUR USD"" - Google News",EUR/USD Currency Traders Are Ditching Dollar for Euro on Options Bets - Bloomberg.com,https://news.google.com/rss/articles/CBMisgFBVV95cUxNRUl3aVRPT2xXUzBLRERVcE00UE8wb0xGWXZvT24yTnFMcHdwQXBhUzVUZkdGcktrMnBXd0FlOWF4bWw4ejhEc2lXdTdfbTBkSWtBR3RpYllacVh5NnBsR3NlQU9hQmswR25HcG5yQkhPemVQbVV6NnhIbUJ4X0poYkI1bHFRaFlvTF8wQ2NybnNyNTUtSkU1WjMtNjR2WjRrd2xIYXVxem1VeFpQRHBVV29n?oc=5,"Fri, 20 Jun 2025 07:00:00 GMT",2025-06-20T07:00:00+00:00
"""forex OR FX OR currency market EUR USD"" - Google News","EUR/USD Rally Builds as Fed Cut Hopes Climb, US Dollar Index Slumps - FOREX.com",https://news.google.com/rss/articles/CBMiwAFBVV95cUxObEQ4dlcxR0gyRE1SdEZuRGNiTDZvVDhzZ1NHNU5PcW5nMFdGRWl4dEQ5cXZKajJlTXhydHFPSktWMWxWYktpRzBvWWJHVGF5YmNiaXBJVWdtNkRfTzByYjh2c01EUXFPUzZhSlE3VlVhdWZ5Ym9lT1lqaTZkaDVHZEpKUmpGQ2NiTHpmZDhHa0FWR0swNjVmbXZZRFJyQm5UcGlDT3Q2SkVoZHVEV0Rlbi1DakMta1g3MWpNN3VOUnI?oc=5,"Thu, 12 Jun 2025 07:00:00 GMT",2025-06-12T07:00:00+00:00
"""forex OR FX OR currency market EUR USD"" - Google News",FX Daily: Don’t rush to pick the EUR/USD top - ING THINK economic and financial analysis | ING Think,https://news.google.com/rss/articles/CBMif0FVX3lxTE1UYTRNQzdTdGlMWTY0Wlg2WllWTS1yU0xEcGw0Z2duSVgyb0tiZkFYS3pJRmhsdW5TUC1aZmZqUFhNWmJJeVRsSkRiQTZ1bzdCUnFFUnAwQWhud2pQTWVGUlhTbGtSbThLOURWSlhCYk9XNTQ2d2MzQXExWXctM3c?oc=5,"Thu, 06 Mar 2025 08:00:00 GMT",2025-03-06T08:00:00+00:00
"""forex OR FX OR currency market EUR USD"" - Google News",EUR/USD Price Stabilizes at 1.1636 Amid Fed Leadership Uncertainty and Technical Support - tradingnews.com,https://news.google.com/rss/articles/CBMiugFBVV95cUxQWXJyYUJBNHNmSkdmMUlTODNsOE1WWEprWTI3eURjclVuLTk2WUpzX2Y1cVNzRGw5aGJnVmtwWkxXZDJJNXNEZHhBck8xVU9ISXdKTUcyZ2tOSElJQTgxNEFfZ3hocm5Wbm9MQlRVV1dpYkhyLW5SN0xKYWZDclJOTWZFbFM1bmlGcWJxajMxWVZPVThuOGlKajJ1WWJQdEIxZmxONDF5a1BGNjZTNnBiXzUwSEFKLXVuTlE?oc=5,"Fri, 08 Aug 2025 17:53:41 GMT",2025-08-08T17:53:41+00:00
"""forex OR FX OR currency market EUR USD"" - Google News",EUR/USD Technical Outlook: Rally Runs to Next Resistanc - FOREX.com,https://news.google.com/rss/articles/CBMipAFBVV95cUxQX1RXTWxJd3RHXzIzSjZtV19zR1JIaEJqVVFQNUZmM2J5RDFIUFg1QkJTNWJLNlhZbWM4elc1aVlyaTVpM29vYnRkeVJQb192U2s3UHd5WGt1bXk4Ql9YYm9vbzhEdDcybEZWekJaR0xZSGxxekhVMUY2NHl5TnBTbzI5UTFfUWl6X2kxZTRvSlhQSkM5Qk1XYW5GRXlZemxJWGY2Ng?oc=5,"Wed, 06 Aug 2025 16:01:23 GMT",2025-08-06T16:01:23+00:00
"""forex OR FX OR currency market EUR USD"" - Google News","EUR/USD outlook: Forex Friday – June 13, 2025 - FOREX.com",https://news.google.com/rss/articles/CBMijgFBVV95cUxNZzZmbTktMTBXcHRtcnJDYjBNTkN5SnJEMEtELVY1VGQzVWI3X2Z5eHhOdDN2VHdPdGNyTTNHWmp0YjV3bER2Nml4S3NEcm1ZUVFaN2M5eEowM0xPSHBveXVOY1hMdF9yTFFpalBOVmFPNGZralljU3JSVlNyM3dSa0ZuOURFblctM1hCbzBB?oc=5,"Fri, 13 Jun 2025 07:00:00 GMT",2025-06-13T07:00:00+00:00
"""forex OR FX OR currency market EUR USD"" - Google News",EUR/USD forecast: Hawkish Fed repricing should keep dollar in driving seat - FOREX.com,https://news.google.com/rss/articles/CBMivAFBVV95cUxOLXF5Yy1jNjJwRDZnWGxHcHNqT3VQOFlMSUdmaUFReDJKYVd5Uk81aGNGTVo2c1JuWXc2ZVdwQnZoeXVFdVE5UVpGUkZobmJESXZEYUJieUhkLW5scjBfM2ZRakFGXzZ4NUphSmpOWlBrQlJNRlNGQ2c0dnRnMkpsSklqOThYVDd3OW9BeU9NR05DbGlWSHZJRUVHeC1hOVQ3ZTlza1dhQmtjeGNZd1BfMU5kSUpqeXUxUkRMWQ?oc=5,"Wed, 16 Jul 2025 07:00:00 GMT",2025-07-16T07:00:00+00:00
"""forex OR FX OR currency market EUR USD"" - Google News",EUR/USD forecast: All eyes on US inflation - FOREX.com,https://news.google.com/rss/articles/CBMijgFBVV95cUxNQTRiSkNLclc4SFVRMXp5cVZyc3lLdERJMU1HMkRZUGlnbDNHZFFQMS1oMzI4WWZ2OE9ROHdCLWd6OFgzY2Nab28xOVNzYjhNd05pTC1nUmpGbG9LXzcyb19WWVBFZDZGWEdVN0NYWlhnYVNBT1dnQmRBSEZWUE1mZlhnMzEzT3dDWTF4azVB?oc=5,"Tue, 15 Jul 2025 07:00:00 GMT",2025-07-15T07:00:00+00:00
"""forex OR FX OR currency market EUR USD"" - Google News","EUR/USD trades near weekly high as USD faces weekly loss on Fed bets, geopolitical hopes - FXStreet",https://news.google.com/rss/articles/CBMiygFBVV95cUxPdnIxSDhHNV9IZFJsc1Q0Nllla1h2X0ctSFB2Ukl2cHBRZVZBSWFnTE5ZYUxEV2loUTkzOWZOaDVRRzljdHk2U0tzYl9mam1vcEVfdXJiRERGXy1kNVJZRnhZY0Z6bTc3blpSNldCYzdYMWZrRGluS19HRU1kcHA3WHR3QVVVREptdThqNnU0RHlQY2VlSmVjNGl4cHViUXYxenlyczV4bXk2dWJJbVhKSi1yaXJ5OVJEVk1jTHBsd3RtM2VuQlh0XzN30gHPAUFVX3lxTE9kcG9ZV1Q0RW91QjZKZ2dMOUMxOTYzZmlfOWRyRGtFLWlya2hubldlVjNwVk1vZFJnRUx6Ml9qYmVBMkNvQ3Y1cVJpX1hQQ1dOZ1NwdTQ1RVVCa3FDRm40TXdaVENQMFZHTFRqc2hwcDRueEozb0g1ektrclNPeDhUZWZ0NTEwN3VRYUJtWWlPRm1sWVFwbGFEV3lxN3VNS2k0NFpIanBYc0RLRGJYcVM2OXRnNG1yX00tOVFNcHNWdWd1ZzYyaGgzUHdsc0F6dw?oc=5,"Fri, 08 Aug 2025 19:56:04 GMT",2025-08-08T19:56:04+00:00
"""forex OR FX OR currency market EUR USD"" - Google News","DXY Rebound Threatens EURUSD, USDCAD in Volatile Market Week - FOREX.com",https://news.google.com/rss/articles/CBMipgFBVV95cUxQZDNBUmVkM2JEbjFFWVU4cXFPMmF5dlRQZGlmeVNwSFhxbWdjS3JZTnVtSjFtY25sMlYxRERnMmRRTmNtZXBKMUdaUjNjNm9obXN5Y2N1eGIwamZzS3ZaOUNQZHU1dzNjSzFta0Q4aUtXYXpPcnBQYk5TT3gxSnpDR2tJUU1GazhpNFlfNk9XclhEX3N5X0dwQUI5eUhrOWtrdWUzUkJ3?oc=5,"Tue, 29 Jul 2025 08:52:53 GMT",2025-07-29T08:52:53+00:00
"""forex OR FX OR currency market EUR USD"" - Google News",EUR/USD Daily Outlook - Action Forex,https://news.google.com/rss/articles/CBMimwFBVV95cUxPS3A1SGZpYVFRUXFjMFpiVWlUb29IelNiSjloaUlJWUljVnNZdkhfWDdfdGl5b3E0aDlJMEV6enlhM3FXTVE5X2liM1lYVTVOdXJ5MTZfRHVoeGx1ZzZOZk05WHJHbmxBMUJVbFc2X2kxZW1VQ3pfTGMtN09XMGJxUk9GR1NjOFYzRjFmYXd5Ni1GcWotM2RVR3djTdIBoAFBVV95cUxQVE1TZjBILXFIWDlUQVJIMUptdFN0a3NxLW5qS0tQTHVRM2Z1dDUxZ2xjQ1J4dWlvTnVicldza01pOGM5cEJJdHFzZGFXektmUW1IaFpJQTNOWmdmZ1M4OHR3VTZ1cE1kMlJTWENuSGxoR0ZXRkFDLUw3c2hib24wd2dtM3hIUGQ5aXhjcHJzSDJyRV96dC1CZ2Mwb0F4dkM5?oc=5,"Fri, 08 Aug 2025 06:35:23 GMT",2025-08-08T06:35:23+00:00
"""forex OR FX OR currency market EUR USD"" - Google News",EUR/USD Rally Faces Test at Key Resistance - FOREX.com,https://news.google.com/rss/articles/CBMikwFBVV95cUxQQnEyc2tKcGljMUpfZkY4Y1R6bzhTcm1fcmEzY2Q2YTRIZGFaS2l2XzFrQnk2QmZQb2RzckI4Q0dIenJQYjNwczd1TkZ3ZEJNQ1JiTERIZk1vdzkwOXFrTDczeUlObDlLYktZanhnQVd4Zi1rNHkwN1cxNHRGX0JLelk4aDVQekpVenZMQWNjQ1dnOHc?oc=5,"Wed, 23 Jul 2025 07:00:00 GMT",2025-07-23T07:00:00+00:00
"""forex OR FX OR currency market EUR USD"" - Google News","EUR/USD pops, gold sinks as telegraphed trade deal confirmed - FOREX.com",https://news.google.com/rss/articles/CBMipgFBVV95cUxQNEpKcDF3REY5UFRJS1k0YVlFZzNFWGU2MF9hVGxnNXNkYnBFQVBmenVSeW50bGpreEJEVGV3bWNGU2pXWVZQMS1jNDBhU3ZrVVpRNi1Sdnp1TzdOZUJqSlBIMURuRy1CWEt6T1FZTm9jT1czR1A5cjRpZkZRS1BzNVF6TG9HaWkza1BHVEtVUHF4RDYtb0ttSWxnMWl3MnBXNGJkTDhn?oc=5,"Mon, 28 Jul 2025 07:00:00 GMT",2025-07-28T07:00:00+00:00
"""forex OR FX OR currency market EUR USD"" - Google News",EUR/USD Volatility Statistics and Conditions for Day Trading - Trade That Swing,https://news.google.com/rss/articles/CBMiiAFBVV95cUxNTmNtZlRieHptRHp5dTlSb3Z0dTlldEl5X2NoSHFCS19oaEttREVJNkNVM1o5QXJySmNVSTZ1Ry0taC1jSGJoTTY2aTV2dzZRaVg2MUI2N3g2b2lHQjN3UXhwdE1LVDNMZjFKWjN4U3IzdjF3SUdZSERLTzFSUFJtLUVCNzg2YXdu?oc=5,"Wed, 25 Jun 2025 07:00:00 GMT",2025-06-25T07:00:00+00:00
"""forex OR FX OR currency market EUR USD"" - Google News","EUR/USD forecast: Forex Friday - June 27, 2025 - FOREX.com",https://news.google.com/rss/articles/CBMikwFBVV95cUxQWWUxV0drb1I2blZRczAyUXdWd2Q2ajZYV3ZHVzN4U0tqM1BPX2gza1BDdEtUalRad2xnV0FWTGlBWUF6UFVVcnpieWUzc09GM19IVEFCZXpDSEhzZzVENFhFTERTdFc0X0F5LXdJZ0tibTlkZU9ET0IybXh0Sldab1l2UVVJcjQ0U01UTTU5X2xCRWc?oc=5,"Fri, 27 Jun 2025 07:00:00 GMT",2025-06-27T07:00:00+00:00
"""forex OR FX OR currency market EUR USD"" - Google News",EUR/USD News: Bulls Target Critical Breakout Zone Above Key Resistance - Forex Factory,https://news.google.com/rss/articles/CBMimwFBVV95cUxQZlEzdW8wcV9QTzlqcGFUU3NtUm12RVotMEI5TEl3WVZqTzhGQ0tuOXFka3JmcjJsYW5fQ2Y2TUpWVHdfZEc2RW1kbDZ2ZWNOZkpMZkN5dUhQSXhRbFVmQnRsXy16ZkxFY2hFd2szZl9sM3NYYjIxVkpSdkdocTJXajVCWlltOHc0V2dvOTFvUEpWemZ2bktjZ3F0UQ?oc=5,"Sun, 10 Aug 2025 07:37:00 GMT",2025-08-10T07:37:00+00:00
"""forex OR FX OR currency market EUR USD"" - Google News",EUR/USD Analysis Today 28/07: Trading Caution Remains -Chart - DailyForex,https://news.google.com/rss/articles/CBMimwFBVV95cUxNMzh5WldIaEVqaDkzR19Xa1lYX0FST0J4MnN4d3MzbEJSOUdjN1FNeFVHRlA3NVNpUDB1OFNKME1YN2cxdnFXMnBVMUpKbzlPMWpsTDl1eXJ6Z21rTUVvOFIzUFJDNHJsTU9NUkxZa3RCbWRza1ctdkNZNUdRT0x0a2NaenF0MU9za2hRX1ZOdUo3WE5McldhTGdudw?oc=5,"Mon, 28 Jul 2025 12:11:22 GMT",2025-07-28T12:11:22+00:00
"""forex OR FX OR currency market EUR USD"" - Google News","Weekly Forecast – Gold, NASDAQ 100, EUR/USD, Silver, GBP/USD, USD/MXN, AUD/USD, Bitcoin - Forex Factory",https://news.google.com/rss/articles/CBMikAFBVV95cUxONjZqajVRMUxOYVVYN0RWMkoyRTVlUS0wUTV3bzF1OUpZSUpPU0pEX21xem9ONV9ORzdkY0J2UnhTcmg3a0RnWTFWZWRwQzIyUU1tbWoyeTR3UEhVUExWb0tqZnQwazBnNUd6YXEwTnJPSzE1TVczaUlvMUNONC1kS1BUTURHdG1FUWw2QVhpcC0?oc=5,"Sun, 10 Aug 2025 17:31:00 GMT",2025-08-10T17:31:00+00:00
"""forex OR FX OR currency market EUR USD"" - Google News",EUR/USD Pulls Back While RSI Holds in Overbought Zone - FOREX.com,https://news.google.com/rss/articles/CBMingFBVV95cUxOMWhEa2VUWFJ2LUExWDZCSnloMWpueGwzMTEwSldxa3hHS2pDQnRkOVYxOUoyeXI0eU5nd3ZuRXE3NFYwR3JEOTQ2c0l0dmRSUV9qYmZmVGpCSkdxWkhNUWNfYXdHem5wSUE5TU5tX2J0cUFocFU1eHo0b0NFZlZ6ZVR4dGtIMGJ3RW9palhuTVl3M2MtNnRUTm53UUtCdw?oc=5,"Tue, 01 Jul 2025 07:00:00 GMT",2025-07-01T07:00:00+00:00
"""forex OR FX OR currency market EUR USD"" - Google News",EUR/USD Forecast: Bulls Shy Despite Increased US Jobless Claims - Forex Crunch,https://news.google.com/rss/articles/CBMiqwFBVV95cUxNaE1vUnBJcG5PWWl6YUhDZFcxX2RHbzM4M050NWhaeTdkN2VIX0wyMDZnMFV0a0VISW1TU25xeFJOVUxfX21fc19PSmdDZWswT0NibThYQjNGeFRtcm9QdGdRandydjg4QWVKcDhuSTI1YkRvTk9wT19FcUFYcGVKeldZQ01oc3kyTkV3WnU5T1o1SGVFNXBhSm0xV3c5bjB3QWdsY00wMDN0TzQ?oc=5,"Thu, 07 Aug 2025 14:21:17 GMT",2025-08-07T14:21:17+00:00
"""forex OR FX OR currency market EUR USD"" - Google News","EUR/USD forecast: Currency pair of the week July 7, 2025 - FOREX.com",https://news.google.com/rss/articles/CBMirgFBVV95cUxQV3M4ckVXdkdRalhZTDFlYnEwZzgzVmpBZHE1R2xuR2Ywa0l2WHBBRm1GblZhS3VTMXBlVWxwQ0RYYnU3T1RoV3ltOVB5bnZtSjZud0R3cUZ1NWt6RjlCSjFVMjFSX0M5TFNQb09pWWFDNlBtdzY5SUVaWlQ3eWxrWmMweUhadmVLV1RKMGtoaFNla1lnQnFZb0RUV1V4WnN1ODV6OVVTX21pcDlZOGc?oc=5,"Mon, 07 Jul 2025 07:00:00 GMT",2025-07-07T07:00:00+00:00
"""forex OR FX OR currency market EUR USD"" - Google News","EUR/USD, Oil Forecast: Two trades to watch - FOREX.com",https://news.google.com/rss/articles/CBMimwFBVV95cUxQekhYTEVMTmVMeVRwRV9HMXJaMTdEN0xFd05SS2wwZEFHNzRsOGRvZlQxbWx0b0U5U2l4OXdtTDlsMm9iWjMyYVRfb3dyenc4Z2VVSmRIclVTZW95ZWE5cHAyVDQ0NWZnTEdPOWluT2dwMG9DdTVnbVZWdi1FNHFrSGNEdzFiNmxyNUt6Q2lmcmhDejNJeFJST2JURQ?oc=5,"Mon, 09 Jun 2025 07:00:00 GMT",2025-06-09T07:00:00+00:00
"""forex OR FX OR currency market EUR USD"" - Google News","Euro Technical Analysis: EUR/USD Holds 1.1500, is a Turn Near? - FOREX.com",https://news.google.com/rss/articles/CBMiogFBVV95cUxNWXRQZGwwTm03aGRsdGdpbHI5OHNsSERpSEM1VlJocGQ5aUdjTHdtMXBhWG84TXJrTGU4a0pJSnZzeXZoOVpRYUNDeW9nU2c5TTY3SV9yNkNkUWNMU1FCWFpMT0hvazlKaWFRak5MQU01ai1pMVZRZnAwWnNJWnlXMmN0dFJSb0xTWG5DVHFIeUtSQU42RXljZDFvZ2I0anhJM1E?oc=5,"Mon, 09 Jun 2025 07:00:00 GMT",2025-06-09T07:00:00+00:00
"""forex OR FX OR currency market EUR USD"" - Google News",EUR/USD Rises 2.3% Since the Beginning of August - Action Forex,https://news.google.com/rss/articles/CBMitgFBVV95cUxQZ2JiV29DaElWTlBjUy1MaTBlMDQ4TWMwT28tQTBrS0JTNGhudXpvQzkxd3VVTzFweU1UNlBobzE1UnlLTWZaMjRpWDZSbkY2d3FKekRLT01mcDZ0cHBaVWNtOEwzOWNhTll0d2pVMDNxZ2tiMXZicThsam1JQ01MYVl5alRiTV9DcjJFMzl4WHp5blVTcEpJSXVMd3ZRMXE1RmxpV2ppdnZaNmh3Y0xHN2pScUVGZ9IBuwFBVV95cUxOUVZKNkFURXdtY3dVZl9pOFlIdk80ZDI1ekVicGRUb1hqRzhnTlY1WmFqa3ppekp1TUN1NW1Ub2Nhb2hBcVk5XzZMQzJURGRRcmZWMHkxRGt3M1dCTXFkaGhpb3VJbHBDU3JyaFNkdUNfZ0Z3c3JrYXpRSWozOUw2Y2d5ZVhCRTZxM1RrdGhadGJzVW55T3BUR1RlRzZ2WUVLdEt5NGFid2JvUTVydko4dHFKbjBiR3JBSW1Z?oc=5,"Thu, 07 Aug 2025 09:07:21 GMT",2025-08-07T09:07:21+00:00
"""forex OR FX OR currency market EUR USD"" - Google News",EUR/USD Analysis: The Euro Falls Below 1.16000 - FOREX.com,https://news.google.com/rss/articles/CBMikAFBVV95cUxPcEtPTElDZWlQUGd0OUFQVHZZXy1YVW55dU82MHczcFRiX2JrLS1uVElZMFRudGR2R3RpMEIxdTItaU1PUTNud0ZCN0QzSHVIcG96azB5TGg1WVpDSWxVcWhKUzVUZkg2c2R5X3ZOV01kVTliOW9yQmZrOGU5TDlMYmtMTC10Yl9sZUY5UlFBdDE?oc=5,"Thu, 17 Jul 2025 07:00:00 GMT",2025-07-17T07:00:00+00:00
"""forex OR FX OR currency market EUR USD"" - Google News",EUR/USD holds steady near 1.1570 as markets digest Fed outlook - Mitrade,https://news.google.com/rss/articles/CBMif0FVX3lxTE9KaXdHWC1FbWNsN3JUcHlGNjlibmJZamp4TjZrVllETmI0dGpsdlgwaGVsQlhZSGdfdEtKWkRfOVVscFQ3aGE3Wl9MRG9QSlNGOTczZmdqOTFhcFF1bzE5Q2lWaFFYNUZjS3ZEclRSUHdpZkhOUVJ2Q000M0JEV2s?oc=5,"Tue, 05 Aug 2025 10:24:36 GMT",2025-08-05T10:24:36+00:00
"""forex OR FX OR currency market EUR USD"" - Google News",EURUSD Top In? Watch These Key Levels - Daily Price Action,https://news.google.com/rss/articles/CBMifkFVX3lxTE4yRUFxLWMxWEdPSHdiWTF5Tm1fZXJWcV81SDdqWFBiUk1vY2xNWGQ0eTBBZVdLNE5HLWFabW9CdHZPTG5ReGFlY1hTZTdFSVFlVlV1WUJsY1FYd0RoTDNmN0hfd3A0YjNWZDNrQ0c4LW9Wd2RsdnI2REV5YTdodw?oc=5,"Thu, 07 Aug 2025 17:00:00 GMT",2025-08-07T17:00:00+00:00
"""forex OR FX OR currency market EUR USD"" - Google News",EUR/USD Analysis 22/07: Traders Await Powell (Chart) - DailyForex,https://news.google.com/rss/articles/CBMimwFBVV95cUxQaW9JZHZwcjlmT0ZDM3h0SVdqUW9kRy1JMWRZQ21hMFVmNW84SE90Qmc4eVFWa3VVeTNHZ2QwZnFHZnBiaHVQMGFtalpkdFd5MllmWmZPVUNXYm5vVlkydS1nTlBjQWxFbXMxWnJPYlhVUW5BazdQU2IyN2R2UFlvb3JaVTREdnpqejJ4TExvQ0xQb3Z6LVNvYnRFVQ?oc=5,"Tue, 22 Jul 2025 07:00:00 GMT",2025-07-22T07:00:00+00:00
"""forex OR FX OR currency market EUR USD"" - Google News",EUR/USD Analysis Today 07/07: Upward Trend Continues (Chart) - DailyForex,https://news.google.com/rss/articles/CBMimwFBVV95cUxNM0ZSVkVHY2llQUNGZl9pOVNLYlkwVU9tazkxS2xtdmtiYW1YSXBpeWFOWGY0UUVxSEdsUzhqMjd5MXhXXzRPN1VHRWFEc3R5RjdMLUJPU3ZEcWFuWDYwSTJkaE1vSkk1OGhMWXZGYUtPamdSTDlkdF9Tam9XMlR3NGJpM0xzWE1ValBZUDd4N09UNnkxajYycDllWQ?oc=5,"Mon, 07 Jul 2025 07:00:00 GMT",2025-07-07T07:00:00+00:00
"""forex OR FX OR currency market EUR USD"" - Google News",EBS Market Empowering Traders to Navigate FX Volatility - CME Group,https://news.google.com/rss/articles/CBMiogFBVV95cUxOdk4tWHRtcEtiQUQwcU1rZVJPTDFkUEV3a3ZWRlBVQzBaQk1PeWxQVnc2S2QxYkRKQnpzRi12ZWVTN285aV9KVWptdHV0X1pIaTlyWk1vaWhGb1plMG5lSkJla0w1MVFnWnd3MVZPRk5JdFh3dktjQ24xNDlPMkpVMUZxZ19ETVJ4dzh0QnQ5SEcybzJ6NXAyWEwzZ2tvYlY2MHc?oc=5,"Tue, 14 Jan 2025 08:00:00 GMT",2025-01-14T08:00:00+00:00
"""forex OR FX OR currency market EUR USD"" - Google News",EUR/USD Analysis 30/07: Increase Selling Pressure (Chart) - DailyForex,https://news.google.com/rss/articles/CBMimwFBVV95cUxNeEFpandJckFSa3JmYm4wN0FlVjcwdVNQSExyaS1UUjZxNWZaZVhYRWxjR0x0b2lDWUFvUVFrQzVPdk5wbnoyQkFSb1VCOEpQTWtSUk80MVRDZWFhNmVmR2hkemhFWGZWRFBzZmktQ3FQQjNpYUUtWmFCdmVrR18zdzlXV2tnWnAxN0RvU19IbTdQYmFsLXhiTVhIcw?oc=5,"Wed, 30 Jul 2025 11:33:47 GMT",2025-07-30T11:33:47+00:00
"""forex OR FX OR currency market EUR USD"" - Google News","EUR/USD forecast: Forex Friday – June 20, 2025 - FOREX.com",https://news.google.com/rss/articles/CBMikwFBVV95cUxQenNBT1pnSGprbGpsZHRvSnlHVHpkRk9yZ1c3S0hwSk5pVGlhQ2d2aUNYNER0SWFEOWNUSkdENXIyQS13cEZLX0s2Q2xRMFg4SEM3RnJxR25DRlhGWHNTbzFPUzIxZUlJZXFBTlo1Yi1vRnNoeFBhYXZnbkw5UWZRWVZxQ1NIa1U2WUZ3SFQ0TC1CRUk?oc=5,"Fri, 20 Jun 2025 07:00:00 GMT",2025-06-20T07:00:00+00:00
"""forex OR FX OR currency market EUR USD"" - Google News",EUR/USD Outlook: Dollar remains supported ahead of Fed and US data - FOREX.com,https://news.google.com/rss/articles/CBMisgFBVV95cUxPbi1VOFpfNFlkZWZBcFNpbmd4a2JNZWpVanlodXNzZ2tPdzI3bm56Q0lDcHZfZUZWUjBQMlpLWVNPczFsZnFVTUhQc2J1U1ZqR2daMXBySl9KRUpEWmE3ZHU0bVBHZ0xuLVpGRU9YaEdXUTNyTFhyLTVzeGdWa1VDamhIanU0SWRyVTNwRG1mX1ktLTdPVDZuc3loUW9DTEdwaW11TW5OMVBmS01VLUdvWGhB?oc=5,"Wed, 30 Jul 2025 07:00:00 GMT",2025-07-30T07:00:00+00:00
"""forex OR FX OR currency market EUR USD"" - Google News",EUR/USD Outlook Hinges on Federal Reserve Forward Guidance - FOREX.com,https://news.google.com/rss/articles/CBMitgFBVV95cUxQOU5mb3NPdEhPWUJkdlJkSmtoS19pdjRLWEtCaFVzRE9XU09zWi1IT0diRnpJdVBfOF9IREd0LWwtOFhmZDRpeTlXRVdnaEdRNGtIRFBhd2duSElRS2pIeXZQTm1ubXNwWTFVdFVaWTcyS1VUR2RpWTJRTXVlbmR6T0t6X0NjR3lNenZmeWZOMGxPY090SGZGSDNIRnF4amUxUFNkSnB2MjRPUVNSZkVxdlIyOERDUQ?oc=5,"Mon, 16 Jun 2025 07:00:00 GMT",2025-06-16T07:00:00+00:00
"""forex OR FX OR currency market EUR USD"" - Google News",EUR/USD Analysis Today 14/07: Prepares for New Losses -Chart - DailyForex,https://news.google.com/rss/articles/CBMimwFBVV95cUxNTk5rZGJMcmtyb3ptWm40dTRBaVB3NmMzaF9BZXJ5TlZPQURQS0gwZ3RKYXBNeGhRWTMyY1JWSXFHSDEwTEVTSUVoZmlNMWxBaDFHWmp1UVFvLW1OQ3BqUE03T0JrSlJzQnYwQmN5S29wT1pyM1lBNlVPX0JxZ05UZHBLTGcwV2NmTE9TRkMwU0hkRHRFb1kzUUZqMA?oc=5,"Mon, 14 Jul 2025 07:00:00 GMT",2025-07-14T07:00:00+00:00
"""forex OR FX OR currency market EUR USD"" - Google News",EUR/USD forecast: All eyes on Middle East tensions ahead of FOMC - FOREX.com,https://news.google.com/rss/articles/CBMiqwFBVV95cUxQWG5zTzdaSjZmVEpuV0pYVUhsZFZKOXRtN0VlTVBqUE02UndxT2s5eWU5UTZWM0twUWxFMklmaEZVUmw0ZEJpUEN4MEx4b3FyUEhleXVuYkRheGd4TVc4MlZYU092SXhDZmZDQUg0RmdNWXF3NFI5Zm1jU25Lem1kQlFEYUJBbDVoVzV3dFZjN2RtMUpYN1lpTExZWlR1N05YYWpXRE9lSGF3Tmc?oc=5,"Wed, 18 Jun 2025 07:00:00 GMT",2025-06-18T07:00:00+00:00
"""forex OR FX OR currency market EUR USD"" - Google News",EUR/USD Analysis: Euro Holds Neutral Bias Amid U.S. Independence Day - FOREX.com,https://news.google.com/rss/articles/CBMisAFBVV95cUxPeENCa0xqU2NjbHFKVGJjeHYtVW1wbzhYaUJuNVB1V0tfNjZMTUF4Nk93X2RMZGVWM1VVYUt3Q3pXUnJMYVBha3FHNmllM1VyU2ZfdmJfQ0k1WUpQUHhxNlBmRDdDb016M1J4cWFsVk5hS0M4S09fdHlTX1pzd1R1dHZsbnYtblRLMm9qeUdmcjFkVHlQa3BFT0JUYnFRa0IwaWQ3TnBxaXNJZmdqb0RJdw?oc=5,"Fri, 04 Jul 2025 07:00:00 GMT",2025-07-04T07:00:00+00:00
"""forex OR FX OR currency market EUR USD"" - Google News","EUR/USD forecast: Currency Pair of the Week July 29, 2025 - City Index UK",https://news.google.com/rss/articles/CBMiuAFBVV95cUxOQm94VWhUYUlldWR1UjRuOVA3TFBNMlhydWRkMGl6MENpNkQ2ZFlwQ3lnbFNfVFNlX1dOZnlxV1E3M0UwMmI0OU1jNThjWnllQnJLMk9Nd3VwLUQwYUhRRElzRFpSY0Fyd3g1M2c0WEhsQlEyaHQ0bjA4eldHZTJEN2NsVEFWeDZtYXlNejR0d2xldFp1NFJZWjdnb1g0MXFTOEtZaDlzbVB5Z05kR3BpR2RiaTVBeWJq?oc=5,"Tue, 29 Jul 2025 14:19:20 GMT",2025-07-29T14:19:20+00:00
"""forex OR FX OR currency market EUR USD"" - Google News","EUR/USD Forecast: Currency Pair of the Week - June 23, 2025 - FOREX.com",https://news.google.com/rss/articles/CBMioAFBVV95cUxOMkxqdTBwWHUxdDRJRDhqNERpZnQwZWozaUZ4RUplaXVkVUZWa19Cdjl5Tkh4RzJVRFBXRlBabzV2SlhSZFdzSlNpOU8xVUhYRnIzaWw4aEpKT1BjVTJjOWVNOWxaUkRPYk9icVhGVExNdi02U3k4YWQ1akxJSDhSSmZRV2hURldsT005YmJkMmVhOF84eWlQM2ZoOUp1OHlk?oc=5,"Mon, 23 Jun 2025 07:00:00 GMT",2025-06-23T07:00:00+00:00
"""forex OR FX OR currency market EUR USD"" - Google News",FX Markets: Major Factors to Watch in 2025 - CME Group,https://news.google.com/rss/articles/CBMijgFBVV95cUxPdHZDNVd2UEQ1X0tZWmluZnlPYWN2bXVWeDdQWmhNdHJXV3J3T2R0NUExRG5JZS1LU0diNHV3UFBfYnFQSU9WQVBRcklpb3pFUXJXUFVtb19TNWNhdWRKa09iWHAxTHQwUXo5TlNDeHppdU5nb1NHamVvNnZ4YnY0ek50NmdIVHpPRFl0aS1R?oc=5,"Tue, 28 Jan 2025 08:00:00 GMT",2025-01-28T08:00:00+00:00
"""forex OR FX OR currency market EUR USD"" - Google News",EUR/USD Forecast 05/08: Struggles on Monday (Video) - DailyForex,https://news.google.com/rss/articles/CBMinAFBVV95cUxPcmxYb2lndm9ibkZUZG5oOFY3NW9UTjZjSDc2d2VQbG1IdzFDcGoweXBtdko2Vjhndy1jOUIzbDY4a01WY1Z4MS1fV010OW9KZGhWMGNUVmRaNTdEdHBSR3hFazRfSGoyNTRBRl8tYWxoOUlRajRuT1RfSHB0ellLb1Rzd2JMa1RqaUxKTXRwVjRsVlk3WkR4aW1uOFk?oc=5,"Tue, 05 Aug 2025 10:53:31 GMT",2025-08-05T10:53:31+00:00
"""forex OR FX OR currency market EUR USD"" - Google News",EUR/USD Analysis 21/07: Prepare for Further Losses (Chart) - DailyForex,https://news.google.com/rss/articles/CBMimwFBVV95cUxNUUEta3BMbjNEVFBFUnljUHJ1bFA2TDZRT1Z4cVdldkQ0QVpvVDgwLWpOdF9ZYW82bEZ4YWxBX2gyZ1ZzUUFIa2ljRTJRc2Zxc1M5bnpBZ05DOGFUWFBUMDB5NGE1ZGpMa05VRmdjQW9IZTFmcE9tVUJYVmY3WGpmNnQ1WWFibDNtT3UtbmpNVXZNd21uV21CRHZIMA?oc=5,"Mon, 21 Jul 2025 07:00:00 GMT",2025-07-21T07:00:00+00:00
"""forex OR FX OR currency market EUR USD"" - Google News",EUR/USD Today 23/06: Will Euro Continue to Gain (Chart) - DailyForex,https://news.google.com/rss/articles/CBMimwFBVV95cUxPLThuS3RUcGZ5c0JtQVNWOGFhX0pDVDBGX3JzWFU0cFJWT0NzVkU2Zk1RRTBKOUFndTZ3RFpmLTZ5WnpiUlZJMUxyRVlOSk1GdEVvaUxfcGxxNHgyYzJkTzQ0Ni01LTkwTU85WWRZbUxfamw0bmhGTVYtN0dMT1FLU3NKREtOc29UOFh2WWs4Y1lUaVc5c3pza3BVYw?oc=5,"Mon, 23 Jun 2025 07:00:00 GMT",2025-06-23T07:00:00+00:00
"""forex OR FX OR currency market EUR USD"" - Google News",EUR/USD Forex Signal Today 26/06: Rally Gains Steam (Chart) - DailyForex,https://news.google.com/rss/articles/CBMioAFBVV95cUxPNGVxTnJDZldqTUJCc3g5VW9wNmJjZEVDMmNISEI2NDVTTldaTF9PU0NqdTdFS0F5SHpJZm00UktES0U3dnE3MnpfTVA2RU1CWlNaaU5qTHpBRVpXOTdzZGk1RmNBSE52dXJwUkNnWVRaOHptQVJmYXB5YW93TUQ5SGR1SEkxNndRanpEbi0zNGU4ODFyYW5FZkRKWWw5VWVf?oc=5,"Thu, 26 Jun 2025 07:00:00 GMT",2025-06-26T07:00:00+00:00
"""forex OR FX OR currency market EUR USD"" - Google News",Euro Short-term Outlook: EUR/USD Rejected at Trend Resistance - FOREX.com,https://news.google.com/rss/articles/CBMiqwFBVV95cUxNUHVoVEdBczRrOGxoRC16UlpxMTlHQURzbmN5RTlHR21tcWVnMVBlU0VjV3lvUEVFN3FaMzNMRlNiX3FBVWMwREx5M0htWGdIMkEwNGMzV05aZnU2bk40ajFzbWhodi1KdDREdXZYVi1VSDV0dFQ1dXVRVXdGc1NwSHNoa090R0RNQnpBd19WZUFqTXJlRlh6YjB6S1Z3eUk5NUx3LWthbVJHbmM?oc=5,"Thu, 10 Jul 2025 07:00:00 GMT",2025-07-10T07:00:00+00:00
"""forex OR FX OR currency market EUR USD"" - Google News","Forex Market Outlook: USD/CAD, USD/MXN, EUR/USD - Markets.com",https://news.google.com/rss/articles/CBMifkFVX3lxTFBtS3VOV0ZKXzljRUpxSy1qYnVhc01xRmdycWI3dDJFOFJ2WnFNMmFocEdTNnA5Mkc4aVlCMnFDUWN3WUlHN29GNFdzQTV3dm94aUJwenQ1Z3p0dVNaT1ZBTldLQTZYZjMwODVENzJmMjVCU1g0aDBVRi1BVmJ5QQ?oc=5,"Sun, 20 Jul 2025 07:00:00 GMT",2025-07-20T07:00:00+00:00
"""forex OR FX OR currency market EUR USD"" - Google News",EUR/USD Outlook: Euro Weakens After NFP Release - FOREX.com,https://news.google.com/rss/articles/CBMilwFBVV95cUxON0hwc0lvV3g2ME43ZVBtamEzWDZNRWJXQ2ZWdFlwd01rZUx4cU1zSFQ0Rlk4NHlwUWF0RkRWcnV2RWVhX1NGZGZaVl92cE9oYW5KdFh4TEE1ZG43RWM5aTdSTnhiaVZ6VzVDMThOQVpKYjhuaG15SUFIdkoxaDQwOGc5MHBESDZaYzA1aHVVYjZwZnI5N1Q4?oc=5,"Fri, 06 Jun 2025 07:00:00 GMT",2025-06-06T07:00:00+00:00
"""forex OR FX OR currency market EUR USD"" - Google News",EUR/USD Forex Signal 07/08: Targets 1.1825 High (Chart) - DailyForex,https://news.google.com/rss/articles/CBMiogFBVV95cUxPLUVGMHVubjhyem5MUXQzc0U4ZTVxNmtmdjdZMHFpbkJLZEc1QjVRWGZpOXhQX1ZVU1hsemZwbVNWNkhNZDZCb0publdrUjA2a1hTaWNzTWNCd28wSHAyMVBQb3NHcHhNZlN3Q2pCWEVjcGdKeHJielJNd3NwZFdKV0kwVnM1UktJdmxIbG5SYm9xSGI3QlYyWlF3d09lck1OalE?oc=5,"Thu, 07 Aug 2025 07:04:32 GMT",2025-08-07T07:04:32+00:00
"""forex OR FX OR currency market EUR USD"" - Google News","EUR/USD, GBP/USD Extend Rallies as US Dollar Index Tests Support - FOREX.com",https://news.google.com/rss/articles/CBMirwFBVV95cUxNVTNtSEwtd0NHbEh3XzA3MHAxSWRyUTV6SnJtZEZmM2VfMHVmN1JnLWdyOGYzOURnblQ3RkdpRVlnODVrQmxZZllMb1FTTkpHS0pBcmFMNi1fM2hRNU5zYTJ1MkpHOGdaS29ZeldQNkh0N1JQY1JzQnZaa3IycXNrd1FVOU9pZVVmNjFhUk13R3lUUi1WU0tmOGlDWDlqMVBOS1ZWVHh6QXBwc3pTV1RR?oc=5,"Wed, 25 Jun 2025 07:00:00 GMT",2025-06-25T07:00:00+00:00
"""forex OR FX OR currency market EUR USD"" - Google News",EUR/USD Outlook: The Euro Hits Its Highest Level Since 2021 - FOREX.com,https://news.google.com/rss/articles/CBMiqAFBVV95cUxQLXdBOTYwaWtnLTIwQ3dhdlJrMHQ0WWRwU2Rkb0pCaXp2YUFxVVlJY0FUNjRGNVRjaE16bVBvVWNGRkNPUEdTYzhMVTFOdG5nNnJmVjMxblg4cUJoMFJjaHMyazgzRXQzeXJLRWswRTVGRnE3XzFBeGlOMTV0QktFUE5JY0ZpOUJYd1JFdW9tT05iWUF0aUFoSGtjMlV3dW1PdmtqTjJUY0g?oc=5,"Fri, 27 Jun 2025 07:00:00 GMT",2025-06-27T07:00:00+00:00
"""forex OR FX OR currency market EUR USD"" - Google News","Mid-Week Forex Outlook For DXY, EURUSD, GBPUSD, And XAUUSD (August 6, 2025) - Daily Price Action",https://news.google.com/rss/articles/CBMiqgFBVV95cUxQZ0ctQXZkNmlnaDNwTTBOYy1ocERHX1hwZWtrYkY5MzAwajZtZnpkcnBRRnllWjlmMl9PLUY2SEFucF9aSmNNcTZCM2l2UVRGSzQ4dnhWX0M2Rjlycnl2MnZLM1o2el9nNWZPTFJ3VkhTeU5SLVZKOGZMZzNESmlQQmxwNzZoSUE2YU0xdWowb2xybHdlSDUwc1lvRzhlR1hyX2VDQlNRNEpSQQ?oc=5,"Wed, 06 Aug 2025 22:40:00 GMT",2025-08-06T22:40:00+00:00
"""forex OR FX OR currency market EUR USD"" - Google News",EUR/USD Analysis Today 19/06: Breaking the Uptrend (Chart) - DailyForex,https://news.google.com/rss/articles/CBMimwFBVV95cUxPMFN4WDZ0M3hiZzJ5REEzN0tCQ1pqT3NkZWJaR0NFYzFQZUlMQ3oxYkJieUREaElNeDg2b1FKdVB6LVQ1b2ZlZDBOSmdYSFZxV3lScjZfMmtKNlVWMzl1UjZZeVlEOTg3YUo3QmtpWkJOSGEwaHhjVFg3RU5mYXVQSnF5U25xMnFLQmFfZThEVU1TYkxPTFB1TU1KMA?oc=5,"Thu, 19 Jun 2025 07:00:00 GMT",2025-06-19T07:00:00+00:00
"""forex OR FX OR currency market EUR USD"" - Google News",EUR/USD Weekly Forecast 06/07: Higher Price Range (Chart) - DailyForex,https://news.google.com/rss/articles/CBMisgFBVV95cUxQbDN2U09ycGI5WlNsbGlqSHlURno4c0E2N3VZekFqRmd1SEY1RFFsSDNYeC1XX2otdnBxMlI0OE9BbzF3TmYydVFQYWJVZ01mSHVIMnFCT05lN1U4dlN6OEtac19NendjYURRbEF5Q2NfTEw1MHVLN2pGQ1czQUF5VnctaUFmYmsxTkhJMThTalh0eHBuQlgyY1h6UFY0aUEzQktaaWFUQXRYU2NkSXlDakhB?oc=5,"Sun, 06 Jul 2025 07:00:00 GMT",2025-07-06T07:00:00+00:00
"""forex OR FX OR currency market EUR USD"" - Google News",EUR/USD flat as Waller rumored to be Trump’s pick for Fed Chair - FXStreet,https://news.google.com/rss/articles/CBMiqAFBVV95cUxPRHZvQno2MThjTEd4UEVjX1ZhYTRsWkk5V3hub3FMa0NWRzhtQ1FRWVVUQ1BZMFBORzFEXzVRNXA1LXRCOUMySDhRMVIxMWo2bjVVbjN2ckticzR2THhUTnoxbFZBTk1WQ195Vy14TDUyZ2k5LWNram43TmV5bUthQjN1U3R2XzRoOFY4bWF5V1pPaFhDanVDQkt5Z0tmbXJQdEMtNkFzeHPSAa4BQVVfeXFMTzNGMWNCYWZoUW9hWWJLVjdIYU56Vl8wZ2xVQS1VYXBkV0I1NGpkbFlBMkRxRUI4RVFiNmVuQm15ZlQ0MkdGay1CYzZmNVVtaDE2cWFydEdjTzhLd2wxSTNxT2xXaDk2NGgtaVJEWEk0OVIyZFlLTUl1Vkgwc1B5RW1Wc3dmbGZPLTFNR0VCd1htVkVpVDRvZmNRMEg3VU9TUGFpV2wwbnQ1M1MzLUFR?oc=5,"Thu, 07 Aug 2025 21:52:31 GMT",2025-08-07T21:52:31+00:00
"""forex OR FX OR currency market EUR USD"" - Google News","EUR/USD forecast: Technical Tuesday, July 8 2025 - FOREX.com",https://news.google.com/rss/articles/CBMimAFBVV95cUxOamR6UkJZWFdUaHg1Nm9ldE5Dc2cwNXBFNHhUZ0RJU2ZOeG9DODRoSUNGM3RkLUFJX3R5TDNmQ0gxZ2tPOENYWmU4ek44YWhUM3k0ckQxWEEtRm9NbGNZVUdZR01qZ1RfS3VEMTlfc25NTnhESm9hUl9EU0J0UDdFYnp5U2lnQ0pBQy1DYU40WEh0RWt3OFBmdQ?oc=5,"Tue, 08 Jul 2025 07:00:00 GMT",2025-07-08T07:00:00+00:00
"""forex OR FX OR currency market EUR USD"" - Google News",EUR/USD Analysis: Investor Optimism Boosts Gains (Chart) - DailyForex,https://news.google.com/rss/articles/CBMimwFBVV95cUxNRkt6NzdYMWxqQ0xDMGE4YTR6WDZmMUZqU0d2bDd6VDB1NUE0YXZHYlZEZDBhUWRXVUx5LXJUTlc1TVNUYjgwM2ppWE1YRUt0dWZkX1NJWC1rTDByREthUUVNMnFKX3R4SDJCZFNmTTRBb1RidjhlSVdIUEdHZlFZSHhQeDJXV3dHZnItSlQ1VW11OGkwY0x1Q09IRQ?oc=5,"Thu, 24 Jul 2025 07:00:00 GMT",2025-07-24T07:00:00+00:00
"""forex OR FX OR currency market EUR USD"" - Google News",EUR/USD Forecast Today 01/08: Attempts to Bounce (Chart) - DailyForex,https://news.google.com/rss/articles/CBMinAFBVV95cUxPc2pRb05LRmV5ZGhSenBIVmF1Nkw1MlhvVnltcmxEN0tlbnl6Yll4cUEySm51NDNiZnpZMmctZzE4M25BaWgwdWVMZ2hXaU5RS3hoeENTaTZJdUpfRnJIU3Awd25CZHpKZlBqQ21yYnJBaTB3NFgzOWJWUXBRM085WkRoQUhYdVQyWjFVZXVySDJaWEdoVW1SRmpEMEs?oc=5,"Fri, 01 Aug 2025 07:00:00 GMT",2025-08-01T07:00:00+00:00
"""forex OR FX OR currency market EUR USD"" - Google News","EUR/USD drifts lower, US Dollar bounces up on news of Fed replacements - FXStreet",https://news.google.com/rss/articles/CBMiugFBVV95cUxPMmc0QWhJQnlnbGUtcGNUaERFYjZTeVA2Y1FyelJOUFAzeGJfV2QtUHlZNmJiWGQ3SmNjM2tfT3V6WVpyTU1zcTExSkxqRGxHUmh1UkRMODU4YjFfblEwbTRsdmQtZG1FNDNoWGQ5RUxjVFkyOVJ3ZkRfVFFIUW8zVUxMWDFpczROeUZVTTRiQzUxd3VGSi1Ga3gzaUREUzJIMkxkdVNDS2RuOXFPVmtiUXdKckM4WEx0OVHSAb8BQVVfeXFMTng5SEFzd0lwSnFjVVNSX2V2cXVRMkpIRGplNG1oSWJfT1dZLVVyOUVIbWhHM1hmd2xacVR5ZmVFaENnSHlzelo0bzNPY2hTNFozdjgwM1RRX0wxUEw2NVdZT054b3hBalBJdUhOOWpYZ3ctdEFNWExJQWhaci1yZnlWRV9mUzBnRTZlSUFfbzFabTRXaVg4OU40NjJqT3NnVlBSZzBlbnFVMWdfM0FPU1FaQ3VYNmZ5aXNyLVRHVHc?oc=5,"Mon, 28 Jul 2025 07:00:00 GMT",2025-07-28T07:00:00+00:00
"""forex OR FX OR currency market EUR USD"" - Google News",EUR/USD forex Signal today 15/7: Crashes to Key (chart) - DailyForex,https://news.google.com/rss/articles/CBMioAFBVV95cUxNTm1VT1RlVnZrZUV3TWlyT0lINW9PY3hWeWdqaFVBaFoyNnM4OW9EOEkwd1BrSGpPMGFMNkVJVkt2WDMzN01QaFdxYk5DTGZIY3lIbW5wWF9jVVlmYWttOUR3VDVDX2RoOV9IaENKTGtpSnl5QnVYMU9sc2V1SGZFdVJaaEw1VWw4NUlQaUdVbFRRZDFJeFRxckZ5aDgzRlh5?oc=5,"Tue, 15 Jul 2025 07:00:00 GMT",2025-07-15T07:00:00+00:00
"""forex OR FX OR currency market EUR USD"" - Google News",EUR/USD Analysis Today 16/07: Bearish Trend Begins (Chart) - DailyForex,https://news.google.com/rss/articles/CBMimwFBVV95cUxPM2o5eWt0ajBxS2hPUkN5YnIyNVRUTkMxM05CVi00NTJZYUYxZVdaMjNBWG5SNS1HRlR0Q3ZxTmRxbTBYQlREYUozS1FuWTVSbWNZMEx3SEpxY2lVTDR5RGhnMVVaRWk2QktCa3RYOWI5eWo4ZWdSbHZkdUt0OXlKdnNQc2NKdEk4eE9FV1RUU0VIZDZIb2ZBNnd5UQ?oc=5,"Wed, 16 Jul 2025 07:00:00 GMT",2025-07-16T07:00:00+00:00
"""forex OR FX OR currency market EUR USD"" - Google News",EUR/USD Analysis Today 02/07: Continues Strong Gains (Chart) - DailyForex,https://news.google.com/rss/articles/CBMimgFBVV95cUxOWmo2VmpRS1dscVU1M3BaaTBhTGl5QTczeEhxM3NXdWV1dXluWGNkY1FaQXg2RXdTbHRiQ252R0pzUDIxUzh0SXQ2eEVCc2JKUGZJS3lKSFV5SXlvWlJueXpLVmZKZlh6VTNQRHpSVk84VFN6elNld3owT2FOM1JCOUtHQVY0VDZiclJ4T0o0Z0dZcEVEVHFJQUNn?oc=5,"Wed, 02 Jul 2025 07:00:00 GMT",2025-07-02T07:00:00+00:00
"""forex OR FX OR currency market EUR USD"" - Google News",EUR/USD Analysis Today 12/06: Attempts to Break Peak (Chart) - DailyForex,https://news.google.com/rss/articles/CBMimwFBVV95cUxPcFFqNDA4a2hrR05Kb09sbDdEY2h2bXVZRW10eDNxdTdSc0pWWENLd1N2bmlVNXRyOXE0MGF1VXA0d1I5MGNZWEVHekRQc0xGQzgya3o2WlBjR1JLWmJ6ejExY1lkbHF4NFBFS3JLa0doVGpPVTdsUWZ4QUwxbmIybGhSRnJON0NONndQQmx4bHdleU44VzRVSVZadw?oc=5,"Thu, 12 Jun 2025 07:00:00 GMT",2025-06-12T07:00:00+00:00
"""forex OR FX OR currency market EUR USD"" - Google News",EUR/USD Update: Euro Rallies Following U.S. CPI Release - FOREX.com,https://news.google.com/rss/articles/CBMinwFBVV95cUxNNmd3ZE1maG5jQVFGemxPNkxabzBnMWp6eHVyRTIyMzhmbjJzUzZnaVllNllBcnBUWTh1T1gzVFBhNllMRjhzdmFsWFB4Vi1iWWVmWndmR2ZpcEpmc3dWWHlUcG5SQ1JEVEFVQWNfOEJTWjlPbXdiX0lnVS1MeGJaMGNQaU9KMGlMNzlWQUo1eGlGWEswakN4NlpxMmlfT00?oc=5,"Wed, 11 Jun 2025 07:00:00 GMT",2025-06-11T07:00:00+00:00
"""forex OR FX OR currency market EUR USD"" - Google News",EUR/USD Analysis Today 04/06: Trading Under Pressure (chart) - DailyForex,https://news.google.com/rss/articles/CBMimgFBVV95cUxPVzZDdDFKNzVSVk5OM09ycjdVbk9JMHQzVklSaDZCM3NXUF9GQ3pTamZoUU1JQTgwaGpRZXBZRDRBU2s2V1VqRkpZd3ZJY1cyM29WbkFuaW5EMjlVeWlDelRGdVlRSjhzczMxQkNtLWxEZjJNRXRJWWUxRm41ZjlnU2c1ZEppVTJ4UGZDSE50d1dfVWdpWWlfdkhR?oc=5,"Wed, 04 Jun 2025 07:00:00 GMT",2025-06-04T07:00:00+00:00
"""forex OR FX OR currency market EUR USD"" - Google News",EUR/USD Analysis 04/08: Remain in Sell Position (Chart) - DailyForex,https://news.google.com/rss/articles/CBMinAFBVV95cUxOQTEwRWJnMnhRZnlSeUN4NThvQjg0THFEb0NOVDIzNVpITEc3ajNXbWlwVEotODRFVFhDUGhnX2N0bkR0bVBjUGtoaE9ENXQ0d1RvTnZsMm56SmhxQkhHZDliTWdHMTVRaTRPTElKdTFoR0VKWkVCVGtDOUZBYXp5TmxnVVVuQV9zbE85UXBiM1F5eXlobkxGOUhsNWc?oc=5,"Mon, 04 Aug 2025 11:38:13 GMT",2025-08-04T11:38:13+00:00
